pH,Nitrogen,Phosphorus,Potassium,Organic_Matter,Moisture,Soil_Type
6.11,273.2,38.6,215.8,3.74,32.14,High
8.59,256.0,44.8,193.6,1.36,46.64,Low
7.65,61.0,17.5,134.9,4.86,11.25,Low
7.07,196.7,36.2,61.7,3.57,11.49,High
5.17,213.5,33.6,189.0,1.29,32.84,Low
5.17,221.5,46.6,134.3,5.31,52.32,Low
4.75,299.5,50.3,251.0,3.09,25.75,High
8.22,279.4,5.6,66.2,0.86,21.35,Low
7.08,311.4,38.7,212.1,3.63,35.33,High
7.54,378.9,7.6,304.8,1.77,51.52,Medium
4.59,399.6,32.4,105.3,4.52,46.85,Medium
8.67,358.8,19.4,182.6,4.59,54.77,Low
8.08,460.9,20.3,83.8,5.39,6.13,Medium
5.41,57.8,22.6,222.7,3.01,10.64,Low
5.28,134.2,36.1,203.1,2.77,35.47,Low
5.29,53.3,21.7,165.9,4.27,46.03,Low
5.81,328.4,41.6,195.6,1.16,19.26,High
6.76,436.2,25.2,293.1,3.23,16.96,High
6.36,154.7,8.4,111.0,3.23,44.35,Low
5.75,448.6,44.2,65.9,0.95,7.82,Low
7.13,75.9,19.3,284.0,2.59,23.47,Medium
5.1,451.8,26.6,210.1,4.77,30.29,High
5.76,201.2,39.3,291.6,4.78,33.02,High
6.08,93.6,21.6,215.2,1.0,41.43,Low
6.46,258.9,7.8,270.6,0.95,22.74,Medium
7.88,160.4,23.7,171.7,1.81,35.63,Medium
5.36,172.5,52.2,255.0,4.87,34.27,High
6.71,182.1,37.1,297.4,1.14,32.38,High
7.05,395.3,38.6,208.8,4.1,37.02,High
4.7,281.8,36.6,107.0,1.01,17.97,Low
7.11,183.9,14.9,129.9,3.62,9.23,Medium
5.23,312.4,25.9,111.6,2.28,10.96,Low
4.78,357.9,42.5,124.2,4.44,16.23,Medium
8.58,167.2,10.1,139.7,1.67,30.01,Low
8.65,227.8,18.9,204.3,3.7,47.02,Low
7.98,102.4,18.8,212.9,1.68,40.06,Low
5.81,127.9,26.6,170.9,4.07,44.45,Medium
4.92,342.9,54.0,220.0,4.87,22.55,High
7.44,128.0,8.4,81.2,1.13,25.23,Low
6.39,275.8,30.9,82.8,4.83,24.68,High
5.02,354.9,14.0,104.7,3.47,14.59,Low
6.63,96.0,53.5,194.7,1.14,8.06,Medium
4.65,293.9,10.7,115.6,2.64,34.55,Low
8.41,160.3,25.2,133.7,1.3,54.46,Low
5.61,464.1,41.9,164.1,4.0,13.34,High
7.35,257.9,40.2,271.1,4.29,7.33,High
5.84,396.6,26.1,63.6,1.03,43.98,Low
6.74,286.6,22.3,228.8,3.03,17.63,High
6.85,68.7,24.9,233.9,4.57,46.48,Medium
5.29,322.3,18.2,267.7,5.18,40.2,Medium
8.67,459.1,15.3,302.5,3.07,52.28,Medium
7.83,308.7,29.2,65.2,5.25,25.45,High
8.54,402.3,18.4,100.0,3.18,38.1,Low
8.35,430.2,19.4,290.4,2.47,28.24,Medium
7.07,148.1,37.8,179.2,4.74,36.53,High
8.46,141.2,53.4,206.8,2.96,27.48,Low
4.88,312.7,35.2,232.4,2.86,14.43,Medium
5.34,226.7,8.8,236.6,2.95,30.39,Low
4.69,411.1,8.8,302.3,4.73,31.43,Medium
5.9,437.0,52.6,319.2,4.66,45.53,High
6.17,202.0,19.9,247.2,2.52,41.78,High
5.67,151.9,9.6,134.7,2.17,38.19,Low
8.06,385.6,35.0,288.7,2.96,10.67,High
6.03,168.2,36.2,72.8,3.36,41.03,High
5.71,403.7,37.4,120.1,1.69,30.02,High
6.83,232.2,18.4,293.3,4.47,49.7,High
5.11,337.0,5.8,126.6,2.93,50.99,Low
7.95,91.1,53.3,117.4,2.17,7.76,Low
4.82,318.3,17.5,95.9,1.03,46.03,Low
8.74,244.3,38.8,283.4,1.69,6.88,Low
7.82,302.2,40.3,190.0,5.25,23.36,High
5.35,122.2,35.5,235.5,2.03,32.11,Low
4.52,366.9,20.6,122.2,1.34,12.41,Low
8.01,421.0,18.6,257.1,2.8,42.32,Medium
7.54,143.2,34.9,257.6,2.04,5.42,Low
7.63,91.2,48.3,141.3,0.68,13.43,Low
7.82,60.2,52.3,166.8,2.12,34.04,Medium
4.82,326.0,10.3,114.5,3.22,40.72,Low
6.04,311.1,12.7,313.9,3.26,50.83,High
5.0,285.1,52.2,227.9,2.28,40.27,Medium
8.21,149.7,41.8,303.0,2.74,38.59,Low
7.18,218.1,49.1,138.9,5.33,24.72,High
5.92,305.6,15.1,263.3,2.39,5.06,Medium
4.77,263.6,34.4,259.1,1.79,11.01,Low
5.84,474.7,40.1,239.8,1.72,31.73,High
5.9,108.7,39.0,311.1,2.79,38.76,Medium
7.64,348.9,25.4,162.3,4.3,25.87,High
7.24,223.9,5.8,94.0,1.53,41.53,Low
8.32,234.1,34.1,234.6,4.05,31.09,High
6.53,358.6,17.7,249.6,0.61,8.71,Medium
5.01,347.7,27.5,209.5,2.59,14.6,Medium
7.57,476.2,52.9,113.8,4.38,47.0,High
7.77,105.2,25.0,191.2,2.19,41.25,Low
6.91,94.8,47.0,141.2,3.32,49.74,Medium
7.82,361.5,14.4,171.1,1.52,10.88,Medium
6.62,298.7,38.6,227.8,4.21,54.51,High
6.75,167.9,53.9,253.8,0.76,15.47,High
6.34,84.2,10.1,120.4,4.76,5.59,Low
4.61,86.8,5.4,165.4,1.49,54.87,Low
4.96,434.5,26.7,130.0,4.87,19.05,High
4.64,132.5,9.6,111.6,2.26,38.4,Low
7.24,189.0,42.4,263.7,4.11,13.83,High
5.85,147.5,50.7,296.4,2.1,34.01,Medium
6.69,202.6,26.7,156.3,5.03,50.2,High
8.4,79.9,17.9,255.3,1.13,21.01,Low
5.57,273.2,26.7,293.2,1.39,38.51,Medium
6.26,79.1,41.2,280.0,2.97,14.4,High
7.75,394.2,5.5,107.5,0.91,36.24,Low
5.48,150.5,34.5,308.6,1.48,21.82,Low
4.83,282.2,35.7,157.9,5.22,15.56,High
5.75,428.4,36.9,148.2,5.38,20.66,High
5.19,329.9,17.1,76.2,2.38,13.94,Low
8.5,279.2,40.7,186.4,5.12,50.1,Medium
7.97,189.5,9.6,88.3,3.22,24.86,Low
7.22,193.2,15.0,124.6,1.85,17.26,Medium
8.25,337.9,48.9,142.4,4.01,27.42,Medium
7.96,477.5,41.9,270.3,3.79,21.03,High
5.3,334.6,5.7,287.6,5.45,42.22,Medium
8.34,289.8,17.4,138.6,1.83,53.56,Low
6.82,364.2,15.7,283.3,3.86,26.9,High
7.97,250.0,18.5,282.9,0.76,48.05,Low
8.35,75.9,17.4,258.8,1.07,33.29,Low
5.87,291.8,8.1,98.1,0.52,12.86,Low
4.97,461.8,27.9,239.5,5.5,39.53,High
5.48,125.4,41.6,305.7,4.51,30.67,Low
6.34,346.7,35.3,237.5,4.43,37.53,High
8.02,136.4,38.6,146.2,3.05,49.48,Low
8.2,280.4,9.1,190.2,2.0,27.02,Medium
4.53,91.6,52.6,227.9,1.26,50.06,Low
6.7,243.7,46.9,192.7,1.92,42.53,High
6.29,375.2,45.3,91.2,2.38,29.43,High
5.46,199.5,46.1,141.1,4.28,35.16,Low
5.02,335.9,51.6,268.6,3.2,21.28,High
5.95,392.0,32.2,284.0,0.89,54.18,Medium
8.55,448.7,15.0,95.7,0.59,38.37,Low
5.89,150.9,35.8,307.6,1.01,7.19,Low
6.73,221.7,42.1,145.5,2.55,21.33,High
7.52,115.5,41.9,232.2,5.17,36.17,Medium
6.06,476.8,31.1,255.5,3.69,7.82,High
8.68,448.6,8.4,271.1,4.51,6.19,Low
8.64,282.2,23.6,305.9,2.83,27.5,Medium
5.58,412.1,51.0,141.4,2.31,21.63,High
6.64,274.0,34.2,283.2,1.04,26.91,High
5.79,318.1,31.9,94.2,4.88,18.13,High
5.72,88.3,18.4,243.3,4.42,13.24,Medium
4.66,374.8,23.4,252.9,1.34,39.46,Medium
7.12,104.9,49.8,236.2,3.06,30.73,High
6.66,405.2,38.3,125.6,2.94,15.01,High
4.72,386.3,44.4,287.0,3.63,20.98,High
5.7,354.8,27.7,103.9,5.23,34.59,High
8.41,65.5,36.5,73.9,3.4,8.61,Low
5.53,180.3,17.4,246.5,3.2,12.37,Medium
5.12,163.1,40.3,183.6,0.75,8.66,Low
6.6,204.9,26.4,280.8,0.81,45.62,High
8.74,87.7,27.1,159.7,1.44,42.62,Low
5.54,452.9,37.5,103.8,0.66,42.67,Medium
7.39,288.1,51.8,277.5,4.22,40.82,High
7.77,181.4,8.2,202.7,4.12,38.47,Medium
5.52,220.7,46.2,109.2,1.18,28.85,Medium
7.63,242.3,19.6,247.3,4.68,37.11,High
6.08,308.3,27.2,192.9,1.27,6.92,High
7.22,271.7,6.1,217.1,2.01,36.07,Medium
7.22,445.3,20.1,179.8,1.74,43.89,High
6.8,263.7,30.1,275.5,2.36,30.02,High
4.89,476.6,7.8,275.7,1.77,22.88,Medium
8.09,416.1,29.6,244.4,2.94,18.87,High
5.88,139.7,51.4,87.4,2.54,37.14,Low
5.3,450.2,10.3,278.1,5.43,39.64,Medium
4.68,100.0,43.2,234.5,0.78,48.55,Low
7.04,401.5,25.5,241.2,1.21,22.12,High
7.41,213.7,37.8,154.4,0.76,43.49,Medium
4.57,427.5,18.0,288.6,3.63,33.07,High
6.7,423.3,13.0,248.6,0.77,49.14,Medium
5.47,396.5,13.0,89.3,4.68,31.39,Low
7.27,389.7,8.5,166.0,3.06,30.88,High
5.25,181.0,14.3,290.5,3.14,33.89,Medium
7.47,84.8,38.2,72.3,3.31,42.47,Medium
6.16,223.3,49.1,310.0,1.35,53.23,Medium
8.53,124.6,45.7,236.6,1.49,8.68,Low
5.09,348.8,39.3,224.2,2.09,7.67,Medium
5.97,198.8,10.5,130.3,3.47,51.88,Low
4.99,469.5,19.5,124.7,1.55,31.49,Low
8.48,325.6,20.5,304.9,1.08,35.75,Low
8.27,403.7,17.5,137.6,5.35,29.12,Medium
5.61,107.0,30.8,261.6,0.61,9.68,Low
7.34,420.7,31.8,162.2,4.51,43.4,High
8.01,446.8,22.8,96.2,4.44,42.36,Medium
6.89,259.4,22.7,62.8,1.99,20.59,Medium
6.78,310.7,46.4,201.5,1.18,20.31,High
5.54,378.9,44.5,313.7,1.23,46.89,Medium
4.9,125.2,20.4,156.0,3.99,8.62,Low
8.36,266.1,50.7,152.9,3.71,49.06,Medium
8.37,221.4,52.6,149.5,4.41,17.83,Low
7.22,112.9,21.3,195.3,5.19,34.65,High
5.96,208.0,22.7,174.6,3.96,51.8,Medium
6.0,79.3,30.3,288.8,1.28,38.91,Medium
7.62,61.1,52.1,191.4,1.72,25.72,Medium
8.36,108.1,48.8,192.0,4.71,39.48,Low
8.31,464.1,10.1,96.0,1.55,22.2,Low
7.85,286.3,24.6,315.5,0.86,18.86,Medium
7.26,465.3,32.7,125.0,4.02,54.83,High
4.86,236.0,30.2,79.1,2.51,42.54,Low
5.2,184.1,14.7,232.4,5.1,37.24,Low
8.36,267.6,47.9,214.8,3.75,22.76,Medium
7.11,239.0,38.8,167.9,0.95,7.46,Medium
4.54,95.4,46.9,169.8,5.24,6.55,Low
4.94,325.6,47.9,264.1,1.79,32.71,Medium
7.35,142.9,42.4,110.9,2.19,43.1,Medium
4.52,316.4,27.0,273.3,2.51,31.87,Medium
5.19,329.6,35.5,228.7,0.76,47.04,Low
6.86,115.4,13.0,168.9,2.98,6.67,Low
7.48,76.4,38.7,179.1,1.12,23.34,High
7.3,385.7,14.0,126.7,2.5,16.85,Medium
5.46,247.7,39.7,255.5,2.25,27.36,Medium
7.56,75.0,16.5,193.3,4.36,8.62,Low
5.52,477.8,10.9,143.4,4.52,52.71,Medium
5.9,74.8,13.3,215.0,1.27,16.16,Low
7.71,348.9,5.1,318.9,2.33,51.12,Low
7.29,473.0,40.9,173.2,2.37,26.29,High
8.15,152.8,41.6,299.4,1.26,54.28,Low
7.33,111.2,30.7,149.7,4.49,32.7,High
6.94,102.2,13.1,74.2,4.04,51.54,Low
4.9,180.4,9.2,113.1,1.45,5.27,Low
6.08,93.4,6.0,168.9,2.33,42.41,Low
5.64,347.6,13.3,117.1,1.03,50.15,Low
5.55,76.8,49.5,60.1,3.64,11.99,Low
8.68,269.1,17.1,297.9,1.11,9.81,Low
6.19,478.6,22.7,279.4,5.43,26.23,High
8.34,400.0,10.3,253.0,4.4,51.68,Low
7.21,314.5,16.1,103.6,2.45,32.12,High
7.92,181.7,31.0,91.3,3.39,31.37,Medium
6.66,318.3,35.4,77.6,5.06,12.06,High
6.98,276.6,17.3,248.2,3.27,5.04,High
6.62,233.2,7.9,301.5,1.37,45.51,Medium
5.34,106.2,24.6,171.9,2.39,9.38,Low
7.61,431.2,16.7,91.0,4.72,36.69,Medium
5.71,243.4,16.0,193.2,3.72,50.73,Medium
4.6,133.7,53.0,150.7,3.75,15.43,Low
7.28,208.1,35.8,157.5,4.83,38.26,High
5.26,228.1,32.8,221.5,4.97,8.93,Medium
8.54,405.8,25.8,246.9,5.1,35.19,High
8.6,365.5,26.4,88.8,0.97,13.2,Low
8.43,380.8,32.0,69.3,3.22,41.8,Medium
6.09,54.7,39.8,318.5,4.2,20.06,High
4.57,228.9,40.1,120.5,4.28,28.17,Medium
8.49,257.0,13.6,74.0,3.53,34.97,Low
6.34,58.3,30.0,109.4,1.33,13.56,Low
8.66,161.7,25.6,70.1,4.49,42.08,Low
8.64,376.9,48.5,161.9,4.1,20.13,High
8.17,109.0,36.6,268.6,0.93,38.12,Low
5.77,280.2,31.6,148.7,2.82,12.91,Medium
6.16,142.5,10.8,175.5,1.37,39.41,Medium
8.16,55.2,35.3,235.7,2.19,11.41,Low
5.86,153.7,10.9,192.3,0.59,26.27,Low
5.23,469.6,21.9,284.0,2.5,17.36,Medium
6.89,394.7,12.1,285.2,3.25,42.42,High
8.53,462.6,39.6,62.6,3.6,18.1,Medium
7.49,259.8,15.3,262.3,3.82,49.09,High
6.95,97.2,24.6,179.8,4.68,49.59,Medium
4.92,285.6,49.8,317.1,1.58,14.82,Medium
7.14,245.4,15.2,185.6,1.1,35.69,Medium
8.76,413.1,30.4,316.6,4.76,9.39,High
5.1,92.2,26.0,256.2,1.28,24.58,Low
6.73,259.9,5.9,124.6,5.37,40.67,Medium
8.27,114.5,44.6,200.0,4.71,37.97,Medium
7.69,189.6,8.5,318.0,3.0,36.24,Medium
7.5,367.1,28.7,283.0,5.41,19.13,High
7.52,254.7,33.0,85.3,0.99,23.9,Low
6.05,211.6,36.4,243.7,2.02,10.15,High
5.76,219.6,39.4,149.9,3.69,40.95,Medium
7.98,247.6,17.7,61.8,2.25,30.19,Low
7.98,387.6,5.5,164.9,5.14,40.44,High
8.23,433.6,41.2,121.0,0.83,17.45,Low
8.43,460.8,31.8,272.9,3.25,21.22,High
6.7,388.4,46.8,147.7,3.45,21.71,High
6.66,185.6,46.1,275.2,3.76,6.29,High
7.93,345.9,47.2,60.2,1.78,22.05,Medium
7.29,238.2,29.3,140.0,2.32,45.17,High
7.52,159.5,21.7,122.7,4.72,49.86,Low
7.92,411.6,44.6,120.7,1.47,30.91,Medium
8.33,66.5,27.6,77.7,4.63,27.78,Low
5.95,437.8,14.2,108.7,3.31,6.54,Medium
6.12,248.4,47.7,204.4,4.31,48.96,High
4.9,324.0,49.1,135.8,4.07,5.65,Medium
6.99,333.5,28.3,168.5,1.54,52.24,High
4.65,434.9,8.8,158.0,3.34,29.46,Medium
6.5,323.8,24.4,287.7,4.84,22.1,High
6.83,314.0,45.2,295.4,2.66,51.21,High
5.73,78.7,50.1,188.2,5.33,6.22,Medium
7.04,272.9,15.2,145.8,2.76,34.07,High
4.63,114.6,8.3,87.8,1.21,32.45,Low
4.66,367.1,48.9,307.9,2.45,15.97,Medium
8.04,270.3,24.5,75.7,5.26,26.44,Medium
6.05,342.5,32.1,137.4,2.1,37.61,High
5.05,67.9,53.4,137.5,4.84,41.36,Low
6.75,86.5,8.3,143.3,4.91,5.04,Low
7.81,358.0,37.4,102.7,2.25,51.84,Medium
5.43,81.0,8.7,263.6,0.92,13.23,Low
7.18,80.6,23.8,91.8,4.12,16.68,Low
4.87,55.2,45.2,225.1,2.06,18.17,Low
4.72,461.3,26.7,92.2,4.41,6.89,Low
6.78,367.1,54.9,78.3,2.71,11.15,High
6.82,201.9,33.0,296.5,2.93,54.32,High
7.24,177.5,21.1,109.4,4.39,20.76,High
7.62,200.4,16.0,273.5,2.41,10.77,Low
8.7,383.1,22.5,201.6,2.72,10.35,Low
6.72,334.4,23.6,80.2,2.38,40.97,Medium
5.89,129.6,8.4,308.4,2.34,47.73,Low
7.92,124.9,23.5,124.2,3.13,17.85,Low
5.66,92.3,28.2,283.5,4.54,6.05,Medium
6.39,333.9,41.1,103.9,2.31,16.15,High
4.84,378.7,37.8,282.0,3.12,7.83,High
4.61,164.0,40.4,63.4,3.85,10.17,Low
8.64,59.0,5.4,193.1,1.85,26.58,Low
8.09,85.3,15.9,260.1,1.89,16.5,Low
7.49,466.2,38.1,303.0,5.17,30.8,High
6.26,177.0,29.2,296.4,4.12,17.67,High
5.25,380.8,5.3,273.1,3.39,52.03,Medium
5.17,318.6,45.2,290.9,3.74,50.3,Medium
5.58,214.2,43.6,111.8,0.65,33.34,Medium
6.86,138.4,32.4,133.9,3.59,22.72,Medium
7.57,102.2,8.3,135.1,3.05,24.06,Low
7.34,314.5,43.3,158.0,3.23,25.59,High
5.7,383.1,34.2,162.3,2.3,41.38,High
8.61,326.9,44.1,201.6,0.91,27.58,Medium
7.67,278.0,42.6,101.6,1.47,47.84,Low
6.88,68.0,45.2,239.7,5.25,52.2,High
7.13,466.5,30.9,103.6,2.54,21.8,High
6.3,393.4,12.0,140.7,2.83,33.03,High
5.57,175.9,38.6,190.9,0.76,9.75,Low
6.03,471.4,36.0,267.1,0.69,15.02,High
7.76,308.8,42.1,252.3,4.09,25.67,High
4.56,300.4,13.5,227.8,3.19,15.31,Medium
5.0,371.7,14.7,100.5,3.04,48.83,Low
4.7,399.1,49.5,202.2,1.72,12.91,Medium
4.68,332.3,42.5,82.7,4.22,27.78,Medium
8.18,105.1,50.4,158.1,1.34,35.28,Low
7.53,195.5,42.9,167.5,1.45,39.59,Medium
6.54,449.1,34.9,70.4,2.8,24.15,High
4.92,146.6,37.7,131.2,1.93,48.45,Low
6.61,210.0,49.5,308.5,1.74,33.42,High
6.54,235.8,33.9,307.9,3.73,26.98,High
5.24,238.9,36.6,151.6,3.75,8.36,Medium
6.37,313.6,12.8,71.2,4.62,28.23,Medium
6.21,455.5,28.7,106.6,2.59,46.04,High
7.15,153.5,40.8,162.0,0.87,35.73,Medium
7.23,102.2,18.5,306.4,1.87,46.61,Medium
4.69,134.9,15.1,96.7,5.4,29.7,Low
6.11,431.4,20.7,258.5,3.48,10.92,High
7.19,327.7,17.1,88.3,4.05,5.68,Medium
6.66,172.9,15.7,315.1,0.54,20.16,Medium
8.18,400.9,26.2,159.2,3.09,39.9,High
7.33,420.4,50.4,261.6,0.69,44.51,High
5.2,414.0,30.4,149.1,3.35,19.79,High
4.8,445.1,14.4,223.2,5.1,29.78,Medium
7.26,158.5,8.8,109.9,5.34,26.06,Medium
4.61,374.7,39.8,98.0,3.2,25.53,Medium
7.02,248.0,24.1,303.9,2.79,16.57,High
8.54,412.1,46.1,298.6,5.23,11.82,Medium
6.97,363.3,38.0,290.7,3.87,14.83,High
6.17,383.9,44.8,222.6,0.82,7.77,High
7.27,332.1,18.6,270.1,2.83,14.91,High
6.47,126.3,39.6,77.9,1.7,5.46,Low
6.85,284.4,18.2,147.0,2.85,36.36,High
8.55,473.4,52.0,141.6,2.78,20.82,Medium
6.16,453.1,36.8,225.3,3.41,53.66,High
8.63,68.6,21.2,152.5,2.28,14.69,Low
8.39,120.9,18.5,98.6,1.32,22.29,Low
5.34,106.6,14.5,215.1,3.02,22.89,Low
4.8,362.2,39.7,271.7,4.65,5.42,Medium
4.93,401.6,15.9,159.4,3.82,46.96,Medium
4.58,141.8,34.8,94.4,2.19,6.6,Low
4.91,267.5,18.2,111.1,5.18,52.01,Low
7.44,411.5,38.1,121.7,5.06,49.6,High
4.81,365.1,45.7,138.0,1.55,31.78,Medium
5.87,283.2,43.9,227.1,0.7,32.18,High
8.13,303.8,43.0,216.2,4.21,37.69,High
4.6,268.6,14.4,241.0,4.64,24.35,Medium
8.0,177.9,9.4,154.3,5.34,37.36,Medium
5.71,293.0,39.9,274.2,4.95,7.24,High
5.01,346.2,23.4,113.1,3.5,7.7,Low
7.5,425.5,26.6,182.0,3.15,27.86,High
7.2,323.6,6.6,268.2,0.64,32.48,High
8.27,377.3,18.0,106.8,1.73,49.39,Low
7.66,118.8,6.7,88.6,2.8,10.23,Low
7.95,248.5,49.0,289.8,3.64,46.13,High
5.71,54.0,17.2,149.2,3.29,15.5,Low
5.26,156.1,32.9,237.8,4.21,24.7,Medium
7.73,362.4,6.9,66.6,1.9,20.83,Low
7.97,476.5,38.3,239.4,3.32,25.01,High
8.76,92.6,21.2,142.2,0.94,12.52,Low
6.27,222.6,49.9,74.5,2.57,30.18,Medium
6.1,394.0,49.4,218.6,4.25,45.08,High
7.84,137.7,21.3,122.6,3.97,27.08,Medium
5.97,288.7,50.0,160.6,5.45,29.53,High
8.5,365.2,54.8,81.0,1.89,47.44,Low
8.19,314.9,46.3,98.3,2.99,40.3,Medium
6.34,130.9,47.2,137.5,2.15,29.52,Medium
7.73,202.8,17.5,83.3,2.7,17.88,Low
7.74,387.0,33.8,296.8,4.78,49.25,High
4.94,288.3,8.4,61.6,3.92,33.85,Low
8.38,52.2,9.7,185.8,4.91,16.06,Low
6.67,377.2,54.9,92.0,1.52,18.46,High
8.05,65.2,21.3,140.0,4.87,45.16,Low
5.88,370.7,42.4,300.8,0.8,7.21,Medium
8.35,137.1,45.3,102.0,4.94,54.6,Low
6.17,462.0,47.9,311.1,2.15,11.52,High
4.55,208.2,54.9,113.5,2.07,44.8,Low
8.39,190.6,17.1,252.8,3.06,24.74,Medium
4.89,114.0,7.0,202.1,5.2,29.61,Low
5.87,181.4,25.6,290.0,0.74,49.03,Low
8.59,427.0,11.5,204.0,2.26,25.65,Low
8.59,478.4,6.1,199.0,4.78,31.87,Medium
6.97,208.4,23.0,110.8,2.48,7.46,Medium
7.22,242.9,44.2,103.2,1.5,5.12,Medium
6.43,360.5,33.3,298.3,2.62,17.24,High
5.76,431.1,20.6,145.2,2.43,39.03,Medium
5.91,305.0,37.7,156.7,5.08,11.06,High
7.39,218.4,16.6,257.6,4.31,10.69,High
7.74,227.4,5.7,148.1,3.03,25.55,Low
7.9,349.1,43.2,307.5,5.44,37.39,High
7.9,51.4,36.2,251.9,2.83,40.6,Medium
4.89,316.4,43.1,215.3,0.79,13.92,Medium
6.63,202.9,6.9,289.0,1.81,8.98,Medium
4.75,391.5,46.9,72.9,2.68,52.02,Low
6.86,90.0,36.0,126.8,1.28,18.03,Low
6.4,302.9,33.2,180.9,5.24,47.67,High
8.32,256.8,36.2,119.0,4.33,48.17,Low
6.01,326.2,48.2,253.4,1.84,43.63,High
5.0,77.9,34.3,299.0,3.45,13.44,Low
5.11,299.4,34.0,170.2,4.11,46.09,Medium
7.77,291.4,54.5,149.0,5.21,43.46,High
7.16,291.1,42.8,310.0,4.91,34.84,High
4.93,309.5,27.1,175.7,3.08,21.86,High
4.86,340.9,40.4,187.2,4.37,18.13,High
7.51,396.1,24.5,151.4,3.31,11.09,High
4.81,166.0,16.4,296.5,3.26,30.49,Medium
8.03,404.8,34.8,207.9,1.07,34.26,High
7.54,264.2,51.4,258.2,1.13,22.97,Medium
4.85,83.1,51.5,271.1,3.15,28.77,Medium
4.86,75.2,22.1,148.9,1.84,23.18,Low
8.74,193.7,31.4,172.8,0.61,37.05,Low
6.11,387.5,15.6,280.6,4.11,50.06,High
6.09,354.3,54.8,154.4,0.66,13.2,High
8.0,389.1,54.1,266.4,3.48,24.07,High
8.57,272.4,37.5,304.7,3.2,12.04,Medium
8.74,239.3,45.2,222.0,5.34,36.25,Medium
7.74,113.4,40.8,252.8,2.92,41.44,Low
6.12,191.1,34.7,269.3,0.82,51.6,Medium
4.86,236.6,7.7,279.7,3.26,18.94,Low
7.84,88.1,27.7,162.7,4.71,52.51,Medium
6.9,144.9,38.7,73.3,5.48,8.16,Medium
6.32,307.2,38.9,164.5,2.65,35.15,High
8.4,366.3,23.7,235.2,2.1,7.86,Low
4.98,479.3,52.1,177.1,5.03,49.69,Medium
6.62,451.2,13.4,254.7,1.46,31.49,High
4.55,326.3,30.0,152.8,3.58,38.47,High
6.52,231.1,39.5,225.0,2.53,46.58,High
4.74,323.6,39.9,108.5,0.71,12.52,Low
5.01,387.8,37.4,254.8,2.24,6.93,Medium
5.01,100.9,18.8,201.9,1.83,48.94,Low
7.29,226.3,12.8,113.1,3.93,20.75,High
7.71,411.1,36.8,135.9,5.24,11.45,High
7.01,215.0,35.0,254.6,1.84,28.42,High
8.64,295.9,14.0,185.5,4.56,34.92,Medium
6.11,302.7,40.3,116.2,0.78,6.55,Medium
5.73,129.3,27.8,311.5,3.19,18.74,Medium
8.23,205.8,38.4,245.9,0.85,6.64,Low
5.46,193.8,46.9,308.9,5.17,26.02,High
8.64,61.3,13.5,171.0,4.33,49.76,Low
4.55,60.4,6.0,183.5,3.79,54.13,Low
8.67,407.6,44.0,293.5,4.62,36.85,High
4.69,167.4,35.5,196.5,3.74,13.08,Medium
8.33,272.8,40.0,243.9,5.34,50.29,Low
6.77,178.5,46.9,125.6,4.07,30.81,High
8.77,454.5,45.1,176.1,5.12,12.69,High
4.82,161.5,53.0,92.1,3.09,51.09,Low
6.88,234.8,31.8,113.6,1.09,42.87,Medium
8.67,425.3,29.4,60.2,3.14,41.59,Medium
6.75,412.0,25.1,70.2,1.13,40.46,Medium
7.21,130.0,12.7,314.1,3.46,15.02,Medium
7.49,395.1,33.6,123.0,2.91,15.55,High
6.45,247.0,18.9,232.5,3.61,39.41,High
7.2,257.7,51.1,278.2,0.55,15.99,High
7.01,107.4,34.2,203.2,1.47,26.93,Medium
8.37,84.7,34.6,99.8,2.96,44.1,Low
4.7,363.0,22.7,249.3,5.25,44.2,Medium
5.71,263.5,7.6,216.1,2.42,27.66,Low
8.59,237.8,6.6,250.1,2.62,44.61,Low
8.33,363.7,26.2,260.1,4.07,46.93,High
6.46,379.2,9.2,313.6,3.52,37.74,High
7.17,118.3,35.3,209.1,1.99,16.42,Medium
5.69,312.4,49.0,148.8,2.55,18.7,High
5.31,108.2,49.1,228.6,1.59,20.74,Low
6.49,373.1,38.0,77.8,5.33,10.84,High
6.02,332.5,15.6,293.3,1.15,18.66,High
7.01,461.3,48.1,91.0,2.36,15.48,High
4.83,79.7,49.3,145.2,0.63,27.77,Low
8.69,74.5,14.8,272.1,1.61,50.42,Low
8.74,171.3,41.9,215.3,4.4,10.22,Medium
7.5,162.5,19.3,162.3,1.51,41.01,Medium
6.81,156.2,45.1,183.1,0.9,39.36,Medium
5.83,439.7,54.9,282.2,2.87,9.79,Medium
8.0,157.3,6.5,148.4,0.55,51.13,Low
7.44,166.9,49.9,286.1,0.92,33.42,High
5.2,376.5,36.1,82.9,4.54,23.19,Medium
8.42,243.4,53.7,262.0,4.36,42.83,Medium
8.04,384.0,28.3,280.4,5.08,17.87,High
8.58,78.1,47.4,107.3,4.77,39.68,Low
7.62,259.7,8.1,171.9,3.92,6.99,Low
7.14,64.5,21.8,103.0,0.76,46.97,Low
6.3,76.9,8.4,243.7,4.41,27.41,Medium
8.51,439.8,53.8,199.2,4.73,36.83,High
8.22,109.9,45.8,225.2,4.5,16.06,Low
4.69,278.9,47.6,111.1,3.04,38.85,Medium
4.61,226.8,51.9,115.1,1.66,43.61,Low
6.12,199.4,9.3,70.8,4.73,28.66,Medium
7.99,436.9,24.3,143.7,4.14,35.89,High
8.75,59.4,8.6,205.5,5.4,27.82,Low
5.15,335.4,15.5,283.1,1.28,49.7,Low
7.05,464.3,16.5,233.4,1.63,29.89,High
6.14,290.9,28.5,173.2,1.56,47.09,High
8.67,452.8,18.4,307.8,4.46,45.07,Medium
8.12,72.5,10.0,247.0,1.43,25.53,Low
8.1,230.1,13.4,301.8,0.83,16.5,Low
6.52,161.9,12.4,197.2,5.49,25.3,High
6.28,364.3,53.7,127.3,0.62,46.31,High
5.68,472.0,43.0,73.7,4.68,16.38,Medium
4.74,160.3,53.4,248.8,2.33,31.22,Medium
8.22,331.3,27.0,91.5,4.71,45.3,Medium
8.0,135.2,18.9,138.7,3.27,22.67,Low
8.8,293.1,44.9,198.4,5.01,37.11,High
8.79,249.5,21.3,206.7,5.13,17.28,Low
6.89,468.0,20.0,216.2,0.55,10.46,Medium
7.81,311.7,16.6,103.2,0.88,44.72,Low
8.56,200.3,11.5,158.7,1.75,9.95,Low
8.15,99.1,17.8,220.5,3.85,18.57,Medium
5.56,115.0,22.8,312.2,4.94,47.76,Medium
6.44,146.9,38.7,249.2,2.8,22.32,High
5.06,157.9,8.1,299.9,3.53,53.65,Low
8.6,415.8,15.5,258.2,1.44,53.99,Low
7.11,291.3,45.5,213.8,4.52,18.41,High
5.48,275.1,12.3,109.9,5.34,7.05,Low
7.39,99.4,22.1,233.3,1.84,40.25,Medium
7.16,419.9,48.2,222.1,2.97,27.55,High
6.04,360.8,12.7,216.6,0.93,10.04,Medium
4.99,79.1,9.1,187.3,3.3,40.38,Low
7.39,354.4,29.2,197.5,3.01,6.56,High
6.74,283.7,20.1,147.0,1.22,48.51,Medium
7.82,85.1,33.2,195.0,2.71,11.93,Low
6.74,247.1,45.2,111.4,2.17,11.37,High
8.16,258.4,11.9,269.3,3.11,13.78,Low
6.87,121.3,34.0,108.3,3.43,53.01,Medium
6.91,456.7,30.3,82.1,0.54,39.66,High
8.27,415.5,12.2,173.4,4.31,45.07,Medium
6.23,337.7,36.2,231.2,4.07,24.88,High
5.08,248.8,18.7,173.8,2.33,21.82,Low
4.62,227.1,29.4,132.0,0.76,16.72,Low
7.75,329.9,9.1,205.1,4.27,29.03,Medium
7.17,284.5,28.0,150.2,5.28,32.59,High
7.53,76.8,20.3,302.5,1.7,36.59,Low
5.42,270.4,46.1,299.9,2.12,17.86,Low
5.09,396.8,7.8,190.6,1.42,52.43,Low
4.56,247.5,25.9,145.2,3.38,13.49,Low
6.01,72.3,27.9,251.7,1.27,53.28,Medium
7.04,388.1,41.3,69.5,2.28,5.74,High
6.19,136.6,33.7,183.4,3.99,29.06,High
6.38,161.2,38.4,147.4,3.3,21.67,High
8.39,120.8,43.9,299.3,2.43,27.46,Low
6.0,192.0,48.1,63.1,2.6,33.53,Low
6.71,375.4,20.7,203.7,3.31,26.78,High
7.87,273.3,31.9,252.6,0.53,25.74,Medium
6.21,138.1,47.0,186.1,0.89,41.64,Medium
7.17,427.5,54.5,82.2,4.91,39.29,High
8.21,428.2,49.5,312.8,0.89,46.66,Low
8.58,424.3,23.6,194.7,4.03,17.5,Medium
5.13,152.7,14.8,219.7,5.1,35.48,Low
8.48,244.0,29.5,121.5,1.85,34.26,Low
6.62,473.5,42.1,185.7,2.35,23.49,High
5.61,382.0,29.6,171.6,3.34,29.3,High
6.47,61.7,29.2,79.5,4.91,20.69,Medium
8.71,78.0,46.9,87.6,5.21,12.09,Low
6.62,249.5,23.1,277.7,4.2,15.69,High
5.91,441.0,48.0,122.4,0.93,10.28,Low
7.22,281.6,25.3,110.7,3.85,39.15,High
5.53,264.1,21.4,191.3,2.55,38.04,Medium
4.83,95.4,27.7,259.9,2.85,52.53,Low
5.05,332.4,43.1,76.1,0.75,41.48,Low
5.05,403.5,11.3,210.0,1.46,7.6,Low
5.15,213.6,14.8,91.0,4.45,49.21,Low
5.1,383.5,52.6,69.5,2.77,48.13,Low
7.26,464.7,13.8,73.7,2.01,27.17,Medium
5.28,137.6,33.4,276.9,2.42,34.29,Low
5.99,275.0,34.0,90.7,4.77,53.8,Low
8.36,173.5,29.5,71.7,4.24,31.62,Low
6.54,390.9,37.2,173.9,1.86,50.27,High
7.37,298.4,16.5,279.4,1.09,9.15,High
5.24,322.9,32.6,128.2,1.76,14.55,Medium
5.33,393.1,23.6,169.6,5.1,27.04,Medium
4.68,220.3,38.1,70.4,3.41,34.24,Low
5.23,443.5,12.1,176.8,3.17,45.81,Medium
5.7,279.2,33.5,210.2,3.48,54.41,Medium
5.26,117.9,14.3,208.4,2.33,24.44,Low
4.88,349.2,18.9,146.4,4.54,7.37,Low
5.02,391.1,15.9,142.0,3.12,45.06,Medium
6.48,186.2,14.1,87.7,1.08,35.22,Low
5.39,418.6,46.3,155.4,1.15,14.93,Medium
6.07,439.6,19.3,85.9,3.18,29.74,High
6.66,169.1,51.4,259.3,5.18,42.12,High
7.47,472.9,53.5,311.2,2.04,43.52,High
4.67,110.5,33.6,312.2,4.85,29.98,Medium
7.94,136.9,12.2,284.9,4.32,20.26,Medium
7.2,129.2,23.7,216.2,1.74,53.69,Medium
4.85,434.4,44.9,242.2,0.68,38.17,Medium
8.26,331.3,23.4,134.2,1.01,25.41,Low
8.46,115.4,9.4,224.0,4.14,19.02,Low
4.76,239.3,32.8,178.5,1.5,41.56,Low
5.69,314.6,47.3,185.3,2.36,17.11,High
7.97,85.9,44.8,257.0,3.01,13.59,Medium
7.72,429.4,13.8,133.3,4.13,31.49,Medium
5.29,395.5,38.6,142.7,1.07,19.5,Low
5.4,267.2,16.0,300.4,2.53,36.45,Low
6.09,465.9,15.9,74.6,2.93,10.9,Medium
6.58,229.6,48.7,186.3,3.2,37.75,High
7.16,473.2,17.5,297.3,4.59,19.16,High
6.09,337.2,18.2,218.7,1.36,5.01,High
6.49,322.9,5.0,202.1,4.54,11.35,High
7.71,121.4,48.5,124.9,3.96,51.68,Low
4.66,429.2,44.6,149.3,3.28,48.37,Medium
5.59,233.8,36.4,281.5,4.0,16.68,High
7.57,119.8,42.5,205.4,2.56,43.92,Medium
8.35,55.4,12.6,193.8,1.19,35.43,Low
6.7,290.7,27.9,85.9,3.83,53.55,High
6.79,276.8,22.6,64.2,3.12,23.68,High
4.96,359.3,9.7,310.6,3.7,39.07,Medium
6.42,432.8,29.3,158.0,2.19,8.18,High
6.79,84.1,51.0,216.8,5.03,24.81,High
5.54,364.5,7.0,80.7,3.44,53.19,Low
5.66,130.6,19.6,237.6,0.93,31.95,Low
6.12,419.0,15.4,302.5,2.75,19.39,High
4.59,402.2,16.9,209.7,4.28,11.01,Medium
5.88,282.5,50.4,92.8,4.47,40.18,Medium
5.41,355.4,28.4,211.2,2.97,37.24,High
5.91,185.2,28.3,259.3,4.97,23.7,High
5.01,252.6,43.0,165.7,1.84,52.55,Low
8.33,403.3,12.7,288.8,2.55,6.11,Low
7.05,247.5,29.4,228.7,4.99,20.19,High
7.42,203.9,26.5,293.8,4.98,51.05,High
7.89,262.5,34.8,222.1,3.93,21.05,High
6.64,406.1,55.0,94.1,4.79,17.61,High
4.87,194.1,43.5,140.5,0.94,31.71,Low
6.81,124.7,24.9,112.5,4.82,46.19,Medium
7.02,356.2,46.4,296.3,2.1,10.16,High
7.71,405.2,13.5,257.7,1.39,52.15,Low
6.36,93.3,6.5,235.9,1.7,44.75,Low
5.05,153.1,15.2,138.3,2.59,14.06,Low
5.72,111.0,22.0,107.9,1.76,40.6,Low
6.06,199.6,30.5,256.7,2.1,24.25,High
7.28,243.7,35.8,183.3,1.17,25.11,High
6.95,372.0,50.5,118.7,1.98,44.16,High
6.03,330.0,30.5,220.3,3.36,53.14,High
8.74,317.0,30.1,70.5,2.71,11.33,Low
7.1,201.5,7.5,144.8,2.23,26.03,Medium
5.52,411.8,6.7,181.8,4.23,29.05,High
4.94,252.7,32.6,98.5,4.97,23.82,Low
5.16,471.0,26.9,316.0,4.28,23.16,High
5.56,322.7,47.0,114.4,2.16,7.61,Medium
5.19,104.3,13.0,93.9,4.22,39.28,Low
5.3,340.8,6.2,112.9,1.26,26.81,Low
5.73,189.8,27.5,260.0,1.15,14.74,Medium
5.25,345.1,16.9,170.6,2.23,45.8,Low
8.36,79.9,7.5,207.0,4.54,45.13,Low
4.85,125.2,41.2,65.5,1.73,29.32,Low
6.76,418.0,10.6,69.0,0.82,19.92,Low
6.26,147.7,35.4,175.9,1.16,36.9,Medium
8.72,409.9,19.1,272.3,4.79,19.41,Medium
4.98,170.1,13.7,290.2,3.67,16.8,Low
6.21,326.4,24.0,82.5,1.77,41.53,Medium
8.67,348.5,45.1,200.0,3.28,7.02,High
8.22,270.4,24.6,297.4,3.14,9.74,Low
8.01,181.3,42.5,160.9,3.78,5.34,High
5.61,141.4,11.3,275.7,1.67,12.65,Low
5.23,64.3,43.6,94.8,4.82,8.45,Low
7.38,180.7,16.8,303.2,2.05,54.79,Medium
8.5,330.9,38.9,255.4,3.97,19.44,High
6.89,453.5,33.3,304.7,0.58,12.46,High
6.96,424.6,51.5,235.9,2.36,17.05,High
5.7,379.4,24.4,154.5,2.26,51.81,Medium
7.81,389.0,8.3,303.9,3.22,31.01,High
5.3,335.9,6.0,131.6,0.86,23.24,Low
5.89,161.9,46.3,146.4,4.45,48.67,Medium
6.33,440.1,31.2,242.2,1.59,24.75,High
6.68,338.4,43.8,259.0,3.89,21.75,High
5.54,291.0,16.7,301.6,4.52,15.36,High
4.99,97.7,22.3,113.2,3.31,23.89,Low
7.13,242.2,6.5,267.5,4.2,20.83,High
5.74,248.0,53.1,252.0,3.81,38.87,High
7.0,421.8,38.4,76.6,2.28,19.48,High
5.16,285.1,51.7,160.7,4.54,33.86,High
6.57,213.6,18.3,133.5,1.97,8.29,Medium
6.79,470.0,35.6,139.2,3.36,14.56,High
4.72,97.6,38.9,315.6,4.23,25.37,Medium
5.95,231.7,20.9,227.1,2.39,51.85,Low
5.08,68.1,47.4,246.6,2.01,23.86,Low
4.77,368.2,52.4,313.9,2.8,38.2,Medium
8.76,444.8,49.2,158.1,4.59,17.75,High
5.89,170.4,42.0,268.5,5.15,11.35,Medium
7.98,419.1,18.9,173.0,3.23,7.93,High
5.59,175.7,19.1,286.1,3.81,20.27,Medium
7.43,441.6,53.2,107.0,5.02,12.88,High
7.77,374.2,5.5,306.4,0.99,13.7,Low
7.06,396.1,40.8,116.9,1.66,43.04,High
6.53,57.7,40.3,144.8,4.04,5.79,Medium
6.27,464.0,36.1,256.6,4.62,32.89,High
6.0,362.5,54.5,162.4,4.79,23.97,High
8.5,181.0,20.6,218.1,2.58,30.33,Low
8.07,406.6,22.0,175.6,0.95,33.14,Medium
8.65,171.1,8.9,253.0,2.69,20.67,Low
5.03,425.3,27.1,119.4,1.65,19.76,Medium
7.64,98.4,18.1,75.2,1.96,41.67,Low
8.53,352.6,22.2,138.0,4.36,48.56,Medium
5.28,282.5,46.7,183.3,0.88,14.63,Low
4.79,91.5,51.8,103.7,4.64,9.88,Low
7.69,154.0,14.3,152.2,2.64,49.89,Low
6.97,55.3,23.6,164.0,3.48,22.49,High
8.12,251.6,51.4,74.9,0.95,32.57,Low
5.1,179.5,8.1,211.7,2.19,22.98,Low
7.92,307.3,9.6,289.9,0.95,11.29,Low
5.37,177.8,13.1,99.5,5.31,34.47,Low
5.2,179.0,34.8,215.4,4.54,31.26,Medium
5.21,369.6,12.5,232.8,2.8,15.15,Low
8.0,70.7,53.4,169.0,1.62,27.59,Medium
7.36,438.2,27.3,242.3,5.17,44.85,High
6.75,416.5,30.1,166.8,2.22,34.52,High
6.04,337.2,17.3,191.2,1.3,9.85,Medium
8.27,305.1,28.5,61.9,3.32,32.4,Medium
6.19,433.7,38.1,239.8,5.22,40.14,High
8.01,129.7,42.6,231.9,0.52,44.64,Low
6.39,84.0,42.7,70.0,1.69,36.46,Medium
6.12,153.0,33.9,155.7,5.19,12.63,High
6.49,391.7,50.2,314.5,1.36,40.51,High
5.8,64.9,45.9,169.4,1.07,38.87,Low
7.71,300.6,42.9,190.5,3.35,6.22,High
6.66,478.0,7.8,296.6,4.81,25.59,High
5.5,417.9,5.3,246.5,2.89,21.65,Medium
8.37,274.2,15.6,211.3,5.47,38.47,Medium
6.15,77.4,38.2,267.4,3.9,15.81,High
6.84,407.5,25.6,284.7,0.87,34.54,High
8.4,307.6,25.1,178.8,5.46,50.66,Medium
7.18,99.4,49.2,183.5,2.54,44.89,Medium
5.0,90.4,49.8,160.4,1.94,51.07,Low
8.54,441.1,50.5,311.3,3.29,53.93,Medium
7.2,337.8,20.7,241.3,2.02,5.53,High
5.94,406.6,39.6,81.6,0.93,36.14,Medium
5.1,428.0,18.6,284.4,0.51,25.64,Medium
7.91,295.9,14.5,184.9,2.75,47.99,Medium
7.17,272.5,14.2,77.9,4.68,17.59,Medium
6.79,235.1,22.1,202.9,3.36,54.05,High
8.34,186.3,26.5,168.5,5.5,35.69,Medium
7.89,236.9,46.5,288.2,1.93,44.68,Medium
5.15,382.8,11.0,113.0,1.9,9.28,Low
5.84,308.8,41.7,274.9,1.3,14.17,Medium
5.57,433.8,31.6,205.0,1.32,42.92,High
7.7,240.7,19.4,74.2,1.93,6.1,Low
4.64,311.0,29.6,312.7,4.46,45.84,High
6.95,321.5,20.0,193.3,5.03,5.7,High
7.78,304.4,34.8,135.6,5.38,37.86,High
8.27,352.1,26.7,182.0,1.66,23.25,Medium
5.97,152.1,13.2,283.0,4.91,35.57,Low
8.03,270.3,10.8,139.3,2.14,39.8,Low
4.98,94.8,32.3,110.1,1.06,22.12,Low
8.14,215.3,50.1,93.6,4.85,10.4,Medium
5.05,259.7,22.2,137.4,3.68,8.48,Low
6.21,330.5,41.7,262.8,1.32,34.45,High
7.93,458.7,37.9,182.6,2.65,31.03,High
5.14,308.3,51.6,119.1,1.94,42.11,Low
5.49,369.7,46.0,103.2,4.18,30.49,Medium
7.61,267.7,33.3,146.5,2.77,26.12,Medium
7.6,322.7,37.9,304.4,5.45,24.9,High
7.26,80.5,49.9,149.2,0.77,6.32,Low
7.48,159.4,25.0,316.9,2.28,21.78,Medium
6.83,205.6,21.3,186.2,2.91,53.8,Medium
5.58,253.2,5.5,106.6,3.02,48.68,Low
5.99,69.6,46.3,291.7,2.08,21.47,Medium
5.28,110.2,45.0,179.7,4.15,34.39,Medium
8.41,169.0,10.2,244.5,4.87,47.36,Low
7.01,467.8,33.8,315.8,5.19,27.06,High
6.22,192.5,28.2,73.0,4.53,5.9,Medium
6.49,257.3,10.9,85.1,4.75,8.73,Low
8.57,134.3,54.0,247.3,3.25,30.52,Medium
5.16,312.6,15.7,133.3,4.63,53.47,Low
7.02,170.7,8.4,107.9,2.02,39.66,Medium
6.68,139.0,34.7,70.2,2.49,8.55,Low
7.13,272.1,41.9,65.7,2.08,14.47,Medium
4.58,52.4,6.6,261.4,2.84,43.57,Low
8.25,53.3,37.9,95.0,1.93,47.07,Low
8.51,144.2,31.6,181.6,5.31,35.88,Medium
6.93,65.8,10.2,217.5,2.06,37.22,Medium
7.5,96.5,13.6,171.4,0.99,6.42,Low
8.47,195.7,33.4,67.0,3.13,46.43,Low
7.54,395.1,19.8,263.7,0.79,44.41,Medium
5.16,296.0,51.9,62.7,1.05,17.95,Low
6.98,270.4,45.9,258.1,1.6,40.43,High
7.11,176.2,54.2,292.3,2.82,15.74,High
6.32,450.7,18.0,172.5,2.67,7.02,High
7.67,220.7,53.5,199.2,4.5,15.06,High
8.52,87.4,26.6,184.0,4.2,13.93,Low
8.48,315.3,22.4,161.2,2.63,21.89,Medium
6.44,99.0,7.5,290.7,2.17,25.92,Medium
4.99,198.4,7.6,292.4,2.08,30.43,Low
8.73,268.2,39.6,147.3,4.37,28.84,Medium
8.11,425.9,27.9,219.9,0.76,18.53,Medium
5.04,262.2,16.3,301.0,0.56,6.46,Low
8.46,352.0,35.7,310.1,4.48,35.26,High
8.24,476.9,17.6,192.3,2.89,24.79,Medium
6.73,106.5,33.9,177.7,1.15,19.93,Medium
7.04,168.1,23.0,132.5,1.68,48.35,Medium
6.22,219.7,46.2,309.3,5.16,42.34,High
4.74,231.4,46.0,97.1,4.8,47.89,Low
5.94,226.7,28.9,210.8,4.05,29.75,High
7.95,440.3,22.5,133.5,2.91,11.55,Medium
4.52,357.0,23.1,132.5,3.1,39.81,Medium
5.93,311.4,45.3,165.3,5.38,15.3,High
6.21,183.0,21.4,319.7,5.33,27.06,High
6.81,404.2,15.5,74.3,1.58,8.25,Medium
8.46,460.7,9.2,210.4,4.56,46.27,Medium
5.99,403.1,28.3,81.5,1.49,11.3,Low
5.99,50.7,29.1,100.2,1.57,50.15,Low
7.67,323.7,47.0,174.3,3.88,48.21,High
6.44,72.0,16.1,192.7,2.53,28.23,Medium
5.47,160.8,24.0,127.3,5.16,42.22,Low
6.45,75.6,45.4,142.3,0.95,35.97,Medium
5.11,309.6,46.2,82.6,3.06,45.15,Medium
5.26,345.2,24.2,138.8,5.09,26.59,Medium
6.64,99.2,28.0,311.3,5.02,44.29,High
6.3,215.1,20.2,305.6,1.28,28.12,High
8.43,246.2,51.6,147.1,2.33,52.05,Low
6.06,208.7,10.9,208.4,3.6,29.32,High
7.0,102.0,51.7,296.5,1.3,28.13,Medium
7.22,230.1,39.2,61.6,5.34,44.25,High
4.56,373.0,31.6,270.8,5.07,46.08,High
7.35,80.5,6.6,306.6,1.33,32.72,Low
5.27,84.5,28.8,83.7,1.11,13.99,Low
8.63,202.6,25.4,102.0,0.93,28.39,Low
5.14,454.9,13.1,309.8,5.05,53.4,Low
6.28,337.5,37.8,199.8,1.47,42.65,High
4.87,341.8,53.6,63.7,2.58,45.56,Low
8.79,205.6,33.1,127.0,2.74,6.64,Low
6.66,305.3,40.7,177.0,3.5,28.39,High
7.06,54.4,8.4,240.2,0.86,37.33,Medium
4.79,323.5,25.9,250.6,1.63,46.5,Medium
7.72,442.7,10.8,318.8,5.16,7.46,Medium
5.4,313.4,35.6,134.8,5.04,47.62,Medium
8.36,425.7,51.9,199.9,4.41,32.42,High
5.38,361.3,38.1,198.7,0.6,14.87,Low
5.32,101.8,8.8,165.5,2.14,20.86,Low
4.66,438.1,22.7,104.0,3.64,19.1,Medium
6.53,78.6,32.5,314.1,1.88,31.54,High
6.93,279.6,25.2,281.9,5.05,7.58,High
4.78,111.1,46.7,189.6,3.67,12.93,Low
7.83,55.0,45.7,216.8,0.86,45.63,Low
6.45,231.5,35.6,119.1,5.05,11.63,High
6.75,176.9,23.7,201.4,5.29,16.67,High
6.4,259.0,17.8,240.7,0.89,27.67,High
6.22,298.2,10.3,193.9,3.16,30.86,High
6.91,68.8,22.7,317.5,2.02,43.18,Medium
5.17,102.9,25.7,218.9,2.46,27.37,Low
5.28,290.2,38.8,156.5,1.4,44.49,Medium
8.21,197.6,37.9,260.8,3.39,35.92,Medium
8.57,363.5,8.5,104.3,5.29,10.65,Low
6.11,330.5,24.8,160.0,3.02,12.82,High
5.66,413.6,14.1,150.2,0.91,26.85,Medium
7.27,347.8,12.8,172.3,3.6,24.84,High
6.26,234.9,46.4,263.3,2.2,42.18,High
4.61,339.4,7.1,185.9,4.78,34.04,Medium
5.17,168.4,26.0,266.4,2.67,24.41,Medium
7.58,181.7,13.4,209.9,1.46,13.54,Low
7.33,389.3,49.0,148.9,1.46,16.34,High
4.62,242.0,32.9,270.6,4.34,33.78,Medium
5.45,393.3,16.6,122.0,1.83,26.17,Low
5.49,403.6,30.1,118.3,4.34,30.75,Medium
7.39,418.8,41.6,191.2,1.53,13.53,High
4.58,444.2,52.9,127.8,2.11,38.15,Medium
4.95,235.3,16.0,62.4,2.83,47.63,Low
7.94,187.1,49.3,228.6,5.22,17.9,High
5.27,300.3,51.7,192.9,5.16,29.58,High
7.31,209.6,50.8,175.8,1.53,53.78,High
5.52,308.5,36.8,311.4,2.29,21.66,High
4.93,353.4,36.5,208.5,1.25,34.75,Medium
5.55,346.0,25.2,284.5,3.05,9.51,High
7.61,211.1,42.6,96.3,2.8,35.3,Medium
8.18,121.7,31.6,208.0,5.0,9.48,Low
8.07,235.1,38.9,285.7,5.15,52.96,Medium
6.21,111.3,26.4,211.6,2.42,40.78,Medium
7.37,432.7,41.6,246.7,2.96,44.41,High
5.38,198.7,46.2,156.7,4.98,40.21,Medium
5.76,116.4,12.3,84.0,4.53,34.49,Low
8.35,60.9,46.6,179.1,0.52,27.5,Low
4.56,327.7,32.0,162.6,2.1,47.92,Medium
4.87,323.9,47.2,285.4,2.61,52.84,Medium
5.39,196.5,26.6,123.4,1.65,29.95,Low
4.61,80.8,24.0,311.4,1.5,51.58,Low
5.28,226.1,50.8,309.1,0.69,34.17,Medium
7.01,183.8,17.6,124.4,3.72,31.92,High
6.31,341.2,47.2,150.5,1.81,27.72,High
8.34,310.5,29.2,292.8,0.76,15.46,Medium
8.02,206.8,30.7,311.3,1.65,5.19,Medium
5.97,143.7,20.4,175.3,4.51,17.08,Medium
5.62,474.9,33.7,143.5,4.76,30.49,High
6.13,245.2,21.3,196.8,2.92,24.0,High
7.04,346.0,7.0,238.8,2.58,27.42,High
5.65,110.4,18.6,131.1,5.39,54.03,Low
7.18,258.8,5.3,251.5,1.5,22.51,Medium
6.26,61.8,53.9,73.4,1.58,27.61,Medium
6.87,267.3,53.3,72.8,1.96,11.68,Medium
6.38,464.5,24.8,160.4,1.36,7.4,High
5.77,215.2,41.4,151.9,2.4,43.77,High
8.58,66.8,22.3,142.1,5.05,33.53,Low
7.78,63.3,38.6,187.7,3.58,43.04,Medium
5.1,216.8,45.3,143.4,2.56,12.49,Low
8.23,118.8,52.3,110.0,5.17,33.59,Low
6.6,60.0,25.0,140.5,0.74,17.68,Medium
8.35,375.2,44.2,313.5,1.55,16.4,Medium
7.94,247.2,18.3,166.9,3.33,5.58,Medium
6.33,174.4,54.5,175.6,3.58,11.52,High
4.6,437.0,6.3,209.9,0.7,20.46,Low
5.66,99.9,35.2,315.7,2.52,10.84,Low
6.83,461.0,38.0,122.8,3.75,54.29,High
7.22,185.0,39.4,237.1,3.99,20.43,High
5.61,432.0,11.0,246.2,3.69,11.52,Medium
5.1,309.3,51.9,217.9,2.1,14.95,High
8.09,405.5,14.1,83.0,0.97,34.39,Low
8.73,473.1,36.1,236.0,2.64,8.2,Low
6.76,174.0,16.1,76.7,1.14,48.12,Low
5.24,463.3,20.4,215.0,5.24,53.07,Low
5.67,217.5,32.3,252.3,2.88,17.34,Medium
4.58,215.8,25.9,114.9,2.09,27.5,Low
8.43,196.4,13.0,278.8,4.33,6.11,Low
5.01,282.8,13.5,67.9,2.99,37.04,Low
6.98,116.3,25.9,279.4,2.05,25.7,High
5.68,288.1,42.9,179.7,4.56,18.5,High
6.88,282.9,49.9,116.6,4.84,15.34,High
7.3,377.6,9.2,94.8,3.87,37.7,High
8.07,408.5,24.7,307.9,0.73,25.81,High
5.39,239.4,10.0,78.9,3.33,13.98,Low
4.55,180.0,5.8,111.8,4.32,39.46,Low
5.09,161.5,38.1,150.4,1.18,33.25,Low
8.37,133.7,35.1,221.3,1.64,47.93,Low
8.26,74.8,13.2,201.6,4.91,10.87,Low
7.07,197.3,16.7,92.7,0.6,44.28,Low
7.08,166.2,6.2,135.3,4.26,38.68,Medium
7.36,465.6,46.7,122.1,2.87,10.75,High
5.25,289.8,53.7,115.5,2.73,39.74,Medium
8.43,199.3,11.8,166.9,0.54,27.08,Low
6.3,299.6,16.6,243.0,4.6,52.25,High
6.15,109.9,48.4,116.5,2.3,12.08,Medium
6.73,240.9,51.3,155.3,3.2,37.14,High
4.7,319.3,26.0,161.6,3.89,24.1,High
5.22,260.2,7.5,313.9,4.01,52.84,Low
7.67,222.8,7.0,308.2,5.28,21.5,Medium
4.86,477.4,33.7,268.0,3.16,53.11,Medium
7.09,428.5,24.6,122.8,2.5,50.07,Medium
5.56,318.1,6.4,77.7,5.27,18.52,Low
6.17,294.8,34.2,142.4,3.71,45.18,High
5.74,316.9,5.6,129.4,1.99,54.78,Low
6.03,136.6,44.4,191.5,1.13,17.63,Medium
7.59,219.9,20.3,262.2,4.71,26.84,High
5.78,67.0,7.0,283.2,2.31,31.01,Low
6.94,254.5,34.4,279.7,3.8,19.75,High
6.55,283.5,24.9,153.5,2.85,5.76,High
7.35,147.9,53.7,238.7,1.49,16.01,Medium
8.53,464.5,32.2,141.3,3.51,19.1,Medium
7.65,441.1,18.8,75.8,0.8,27.18,Low
5.42,360.5,40.5,242.4,2.57,13.56,Medium
4.63,279.4,18.6,62.6,3.23,48.66,Low
5.63,424.1,50.2,166.4,2.68,40.25,High
7.06,106.2,23.7,145.6,4.24,9.26,Low
4.72,389.9,32.5,240.3,4.64,37.5,High
6.63,103.7,7.5,259.2,4.36,37.68,High
7.07,391.5,26.3,139.1,0.69,52.81,High
5.94,168.6,46.6,271.0,1.47,5.15,Low
7.81,427.1,45.3,136.4,3.18,17.4,High
4.96,455.9,16.2,176.0,5.17,51.39,Medium
4.82,114.0,16.3,249.0,4.67,51.61,Low
7.63,249.0,45.9,240.2,4.71,41.03,High
6.63,471.8,51.5,316.7,2.02,43.29,High
7.46,257.9,9.8,118.5,2.65,9.57,Low
6.37,421.3,27.5,232.2,2.85,30.69,High
5.56,303.2,21.9,218.5,1.29,16.58,Medium
8.02,211.4,48.5,297.9,0.66,14.06,Medium
7.94,172.9,9.2,100.7,5.23,45.52,Low
7.49,137.4,15.6,255.5,1.7,11.75,Medium
5.67,377.6,42.6,207.7,1.7,28.43,High
7.04,216.2,7.6,131.4,0.92,51.93,Low
6.05,269.8,29.6,183.4,5.14,14.29,High
4.89,261.7,27.1,146.8,3.4,53.9,Low
8.44,298.2,21.7,210.6,3.84,54.71,Low
5.09,422.2,24.7,291.1,5.06,32.78,Medium
8.59,471.7,31.5,208.0,2.23,13.51,Medium
6.42,225.3,13.1,224.2,3.61,20.81,High
5.3,405.8,33.6,194.9,0.69,26.22,Medium
6.83,378.7,45.3,73.3,1.43,20.47,High
8.25,296.6,43.0,120.5,4.66,19.03,Medium
7.65,461.1,12.7,187.9,4.33,53.61,Medium
7.97,136.2,12.5,140.7,2.25,12.67,Low
7.33,97.0,18.4,107.3,2.38,41.67,Low
7.48,417.2,23.1,191.1,3.17,5.02,High
8.15,238.8,25.4,143.9,0.5,34.81,Medium
5.57,414.2,39.0,127.1,1.71,50.8,Medium
6.6,434.0,7.8,180.6,1.54,19.4,High
5.45,76.9,6.7,94.7,1.75,14.28,Low
8.75,429.9,24.6,301.2,4.53,37.58,Medium
8.56,242.8,39.9,285.6,1.9,40.63,Low
4.67,269.5,14.7,244.0,1.46,39.4,Low
7.53,319.4,37.1,87.6,3.02,20.97,High
8.48,448.3,18.0,261.7,4.83,17.61,Medium
5.28,58.2,49.3,270.1,1.71,52.8,Low
6.94,255.0,49.8,259.6,0.89,51.16,Medium
8.44,345.7,19.9,89.6,2.28,27.87,Low
4.65,360.8,16.5,227.4,4.24,47.31,Medium
7.5,347.8,25.6,276.9,3.25,27.62,High
5.78,107.8,17.0,210.1,4.58,26.22,Medium
8.47,178.7,38.6,228.1,5.3,12.84,Medium
8.68,204.2,46.3,179.2,4.46,26.32,Medium
8.56,395.9,38.7,197.5,3.52,31.87,High
6.54,169.9,46.2,68.9,2.97,6.13,Medium
8.21,140.6,24.8,226.1,0.7,27.21,Low
8.13,461.7,12.8,81.2,5.42,44.07,Low
5.87,53.8,41.9,173.1,2.42,39.0,Medium
8.06,479.1,23.0,136.1,1.26,36.76,Medium
4.66,341.0,38.6,201.8,3.83,50.48,Medium
7.06,406.2,18.5,94.7,1.92,5.9,Medium
5.49,176.7,9.1,239.8,3.43,32.85,Medium
5.02,56.2,54.6,266.7,3.43,44.37,Low
4.83,367.3,12.8,102.5,2.73,32.07,Low
7.49,408.7,54.4,87.1,4.68,21.19,High
5.96,368.4,53.9,97.8,1.82,11.81,Medium
7.62,111.4,44.7,288.1,2.74,49.38,Low
4.78,374.0,38.0,197.3,3.19,28.54,High
5.86,380.6,33.9,181.5,3.82,48.91,High
6.82,333.2,48.3,87.7,4.42,34.29,High
7.9,379.4,19.5,228.9,2.47,38.71,High
5.87,413.7,28.4,285.7,3.73,45.21,High
7.19,313.8,36.0,275.3,1.25,37.96,High
8.31,88.1,25.6,222.8,5.16,24.9,Medium
7.15,259.7,26.4,79.6,2.42,30.68,High
5.5,83.4,21.5,89.2,4.15,45.15,Low
4.6,225.2,33.2,72.8,0.6,23.68,Low
8.24,225.1,47.5,126.9,1.53,24.41,Low
4.59,78.4,15.1,95.3,2.94,9.78,Low
8.26,200.0,51.7,127.6,4.89,50.73,Low
6.77,97.7,39.5,160.1,3.14,9.55,High
8.54,397.5,46.2,305.2,5.15,37.41,High
7.93,457.5,32.8,218.7,2.92,25.66,High
8.79,81.1,44.0,277.1,2.95,25.28,Low
6.01,460.7,5.8,244.7,1.1,38.98,High
7.8,274.7,45.9,89.3,4.51,8.35,Medium
6.23,178.8,7.0,251.3,1.73,34.69,Medium
6.56,83.1,49.5,131.5,5.0,43.6,High
7.2,265.3,54.6,226.2,5.05,46.41,High
8.26,391.6,19.7,148.7,5.22,13.53,Medium
8.73,354.0,15.5,319.4,3.1,49.87,Medium
7.8,71.6,43.3,128.5,3.89,37.81,Medium
6.3,81.3,17.7,132.6,4.39,49.09,Low
6.31,223.2,48.3,302.0,1.16,29.26,High
7.67,177.0,10.1,66.4,3.5,32.1,Low
5.53,149.9,11.3,241.1,0.67,50.95,Low
4.98,170.8,54.0,248.6,2.99,50.0,Low
6.02,395.5,38.7,277.5,1.27,27.41,High
5.74,449.6,47.3,313.4,1.41,18.72,Medium
5.77,224.2,21.2,313.7,2.33,24.66,Medium
5.5,439.6,38.8,77.0,2.66,24.39,Medium
4.68,188.2,34.7,273.7,3.62,19.34,Medium
4.58,254.9,35.2,228.0,0.87,18.43,Low
8.75,147.2,39.1,228.3,3.02,48.05,Low
6.34,325.4,33.8,93.4,1.41,8.49,Medium
6.15,471.0,26.5,229.0,3.37,38.88,High
7.42,309.5,18.8,315.4,3.69,13.64,High
5.44,203.9,43.4,297.1,3.28,22.23,High
8.58,328.6,16.3,174.2,4.19,8.08,Medium
7.88,102.9,39.6,70.4,2.18,18.5,Low
4.88,432.1,16.7,154.2,4.33,43.42,Medium
6.3,266.3,36.3,274.9,2.66,49.25,High
8.28,243.2,42.4,242.4,2.92,16.08,Medium
8.56,301.9,15.9,179.4,3.74,28.18,High
6.51,318.7,8.0,74.3,0.59,28.52,Low
7.14,80.9,11.5,171.0,3.77,48.68,Medium
5.22,343.5,35.3,181.9,3.59,43.14,High
8.76,154.0,47.5,301.4,2.05,30.65,Low
5.5,357.0,7.2,226.7,0.93,38.54,Low
8.55,403.7,41.7,141.0,0.95,47.37,Low
7.29,395.7,22.1,196.6,5.12,5.48,High
7.11,287.6,28.9,77.2,3.95,25.14,High
6.7,273.7,51.4,312.9,1.14,50.36,Medium
5.49,111.4,21.6,153.6,2.28,42.02,Low
5.26,383.4,28.3,184.2,3.46,32.14,High
5.45,166.7,5.7,152.4,4.68,31.48,Low
5.3,263.6,9.1,237.5,0.72,22.39,Low
7.85,172.2,17.9,232.2,1.68,31.03,Medium
6.01,107.5,6.4,246.0,4.95,37.77,Medium
4.75,320.7,36.6,129.7,0.55,25.92,Medium
8.67,73.4,26.3,142.1,1.51,40.71,Low
8.3,371.9,32.4,92.6,5.3,48.06,Low
8.49,186.6,13.7,230.4,3.57,12.73,Low
8.78,50.1,19.8,70.3,1.81,27.58,Low
5.25,269.8,38.2,215.4,0.83,25.4,Low
6.2,70.1,53.3,286.1,0.64,39.37,Medium
7.76,168.8,7.5,291.6,1.72,17.49,Low
7.49,354.0,49.5,176.7,4.91,37.01,High
5.16,77.0,33.8,179.4,2.58,48.87,Low
8.01,410.9,33.2,80.0,4.1,25.91,High
5.47,51.6,30.0,234.4,5.09,50.55,Low
5.46,156.1,8.5,273.5,2.54,54.66,Low
6.81,368.6,9.5,123.6,1.46,10.3,Medium
7.05,186.0,35.0,169.5,3.09,16.65,High
6.99,93.8,22.0,278.1,5.04,52.52,Medium
4.89,204.9,50.9,288.1,4.52,52.92,Medium
8.27,166.3,25.3,123.2,0.83,9.89,Low
5.64,412.4,12.2,203.1,3.96,5.75,Medium
5.06,184.7,40.7,110.0,3.36,13.06,Low
8.32,389.2,19.7,86.5,5.04,54.8,Low
8.61,433.5,31.3,296.9,1.11,14.0,Medium
8.21,236.5,39.9,273.3,3.17,30.13,Medium
7.98,441.3,50.0,257.6,4.9,47.42,High
7.32,212.2,44.6,72.7,2.55,6.02,Medium
6.87,464.6,38.8,279.4,2.91,35.22,High
4.87,88.4,39.0,173.9,0.85,18.85,Low
6.26,345.4,52.3,149.0,1.89,48.12,High
6.1,262.3,19.8,202.1,2.12,19.17,High
5.62,216.7,5.1,83.8,5.23,39.34,Low
7.61,322.1,18.6,256.7,1.91,38.71,High
6.63,352.7,15.9,211.4,2.8,16.07,High
4.85,51.9,38.1,108.5,3.86,6.74,Low
5.45,121.8,36.7,108.9,1.31,25.46,Low
7.44,356.6,34.7,107.9,2.93,19.46,High
4.83,336.5,5.8,74.8,4.19,45.45,Low
8.16,465.4,41.4,212.8,4.83,45.02,High
6.63,377.2,21.2,278.5,3.63,27.85,High
6.57,458.8,38.3,64.5,3.85,35.33,High
7.05,352.1,32.8,72.7,1.13,35.21,High
8.05,178.2,22.1,208.9,5.23,46.36,Medium
6.0,95.3,11.7,273.1,1.16,26.25,Low
7.42,386.2,9.7,145.0,4.37,18.77,High
6.93,327.0,46.6,150.9,1.82,18.25,High
5.65,70.7,50.9,215.1,5.17,31.81,Medium
8.28,204.8,37.5,131.3,4.1,27.46,Medium
7.93,461.4,10.2,66.9,4.27,27.01,Medium
7.33,265.2,25.1,251.2,1.6,9.56,High
8.16,236.1,41.4,222.7,2.72,40.93,Medium
8.23,246.8,44.0,211.0,3.59,15.69,Medium
7.55,139.8,10.9,252.8,4.35,14.85,Low
8.1,208.5,5.0,235.6,1.02,25.64,Low
7.5,209.0,40.6,113.5,5.31,16.39,High
7.42,72.5,22.8,151.6,4.95,34.19,High
7.16,380.1,17.7,92.8,1.85,23.57,High
7.74,229.1,5.6,93.8,4.61,27.45,Low
5.18,403.5,32.0,235.8,3.09,31.86,High
8.29,415.6,47.6,283.2,2.81,15.18,Medium
8.25,141.2,52.9,310.3,2.07,12.79,Low
4.63,332.7,33.3,223.4,3.4,49.02,Medium
8.05,253.1,30.7,107.9,4.15,26.69,High
5.05,428.5,9.3,87.5,2.55,25.6,Low
5.94,142.8,32.4,271.3,3.65,6.78,Medium
7.7,341.5,24.0,210.5,4.0,29.9,High
5.19,311.3,35.4,220.8,4.06,32.71,High
8.02,177.0,24.4,263.2,0.76,32.94,Low
8.08,108.7,17.0,242.9,4.8,40.35,Medium
6.68,330.2,9.7,277.0,2.79,13.87,High
4.53,367.6,20.7,74.6,1.81,17.61,Low
5.73,185.7,9.8,254.4,1.71,45.54,Low
7.15,327.3,13.8,281.2,2.92,52.36,Medium
8.72,219.9,54.4,134.4,4.93,11.8,Low
7.22,356.7,27.2,226.5,2.39,29.88,High
5.62,135.7,31.6,141.7,4.25,15.71,Medium
7.23,432.8,48.7,309.1,0.98,8.0,High
6.82,173.6,54.8,68.7,2.88,21.28,Medium
7.85,208.1,34.1,210.7,5.46,12.18,Medium
4.96,75.0,45.6,103.3,4.35,40.5,Low
7.77,98.0,21.3,245.2,1.55,31.69,Medium
6.83,271.8,20.3,105.7,3.01,12.19,Medium
8.64,165.1,25.1,121.2,1.67,5.46,Low
5.97,409.3,38.6,188.5,2.55,45.41,High
7.22,56.3,39.1,297.9,4.4,13.81,High
8.51,213.0,20.8,115.0,4.36,35.31,Low
4.94,195.1,11.7,97.5,1.64,21.85,Low
8.53,58.3,36.6,257.3,5.11,34.27,Medium
7.46,103.5,11.4,190.2,3.46,20.78,Medium
4.79,227.9,33.9,297.1,2.4,9.35,Low
5.79,261.9,39.7,98.1,3.01,16.15,Medium
7.55,223.8,40.0,227.9,3.53,14.4,High
4.79,278.3,42.7,120.5,3.3,26.4,Medium
7.0,305.9,48.6,100.8,2.93,37.91,High
5.99,54.3,30.0,237.7,3.02,18.19,Medium
7.17,249.6,41.5,214.4,1.38,5.6,High
4.7,464.3,36.0,256.3,4.56,30.95,High
8.25,273.2,14.3,140.5,3.21,35.29,Low
8.69,341.3,6.3,176.5,1.16,53.14,Low
8.67,184.1,19.2,165.4,4.33,34.47,Medium
7.72,382.8,27.2,315.9,5.16,28.56,High
5.06,382.4,35.9,136.0,5.24,33.67,Medium
7.76,274.2,47.5,136.7,2.35,51.4,Low
4.61,469.7,14.8,152.2,1.18,46.42,Low
4.6,104.0,11.3,206.8,3.09,21.15,Low
5.89,57.3,53.2,125.6,1.06,16.86,Low
6.6,381.2,10.4,298.0,5.17,18.13,High
7.81,397.1,28.9,129.1,1.42,30.22,High
7.44,101.7,34.3,292.9,1.76,42.2,High
6.42,164.2,32.1,86.9,2.53,30.16,High
5.68,57.5,9.3,230.7,2.42,8.39,Low
8.79,176.1,7.9,295.8,4.47,41.18,Low
6.33,382.5,10.3,103.9,2.78,45.3,Medium
6.44,272.7,34.3,311.8,1.35,19.47,High
5.2,199.7,32.2,177.7,1.84,38.21,Medium
7.92,209.8,16.7,305.9,3.05,26.33,High
7.48,50.6,36.9,236.0,1.24,49.46,Low
5.45,178.9,46.0,138.4,3.56,47.26,Low
4.85,328.0,7.1,109.0,3.33,31.27,Medium
7.43,468.9,29.9,139.0,4.07,39.58,High
7.31,414.2,39.5,84.2,5.19,49.17,High
5.68,60.1,17.6,97.4,5.06,29.79,Low
8.59,436.4,20.4,87.2,5.23,20.66,Low
5.15,386.8,35.7,170.0,1.72,42.68,Medium
6.36,385.6,49.9,266.9,1.16,16.0,High
8.56,246.9,45.5,96.8,2.01,24.43,Low
6.3,221.1,34.2,93.9,4.98,48.29,Medium
7.25,180.3,41.5,227.3,5.36,41.22,High
6.21,78.2,23.2,111.3,4.8,25.19,Medium
5.68,148.1,37.0,85.4,1.05,15.74,Low
8.73,156.0,28.3,103.4,5.24,22.8,Low
6.26,258.2,14.5,300.2,2.62,19.21,High
8.34,371.4,40.1,273.6,0.55,13.8,Low
5.49,253.7,32.8,152.1,2.71,42.17,Low
5.42,74.9,22.9,230.5,0.73,17.6,Low
4.63,461.8,50.6,199.7,3.22,27.71,High
7.3,455.4,6.0,236.1,2.19,24.29,High
6.08,387.6,20.8,237.5,2.87,54.1,High
8.22,476.3,7.8,223.5,3.57,24.55,Medium
6.53,284.1,43.3,129.2,4.84,9.0,High
8.66,464.0,40.1,70.1,3.81,9.49,Low
5.3,82.5,21.6,178.4,2.67,34.54,Low
8.24,207.2,38.8,291.7,4.6,34.97,Medium
7.84,146.9,24.8,208.1,5.03,25.94,Medium
7.81,134.2,42.8,276.4,1.1,26.59,Low
8.13,110.5,27.7,317.8,3.16,7.7,Medium
7.77,317.6,25.6,102.5,1.92,30.83,High
7.19,386.0,51.7,239.9,0.74,30.24,High
5.06,298.7,17.5,235.3,3.84,12.48,Medium
4.64,113.2,11.0,314.8,4.81,10.19,Low
8.46,398.8,34.2,316.3,1.31,11.18,Low
7.15,323.5,53.5,238.5,4.56,10.05,High
7.93,216.9,23.9,123.3,4.77,35.49,Medium
6.57,339.9,8.1,267.6,5.07,14.82,High
5.0,161.8,22.0,87.8,1.83,17.57,Low
5.04,198.4,30.3,263.0,5.02,13.68,Medium
7.45,444.5,13.1,296.7,2.1,52.89,High
6.35,174.9,37.9,159.5,3.26,47.73,High
5.36,252.1,54.9,224.0,0.75,16.52,Low
6.61,432.8,27.6,171.8,0.72,21.38,High
4.78,354.3,22.7,173.8,4.1,15.49,Medium
7.0,76.7,25.0,140.7,2.72,29.59,Medium
5.66,113.3,10.8,258.2,1.78,5.98,Low
7.93,53.4,49.2,303.4,1.45,38.57,Medium
5.83,321.3,25.7,304.6,3.85,31.16,High
6.46,242.5,24.4,105.4,0.5,49.93,Low
4.55,107.7,38.0,287.4,4.53,13.22,Low
4.81,461.9,27.1,251.7,0.9,45.21,Medium
6.19,277.8,37.4,125.7,1.46,44.6,High
6.56,154.0,8.1,77.5,2.43,11.36,Low
7.08,265.3,45.7,129.7,2.92,24.93,High
5.75,342.2,52.0,297.2,2.27,13.51,High
7.49,82.8,37.4,224.6,2.1,17.74,Medium
8.2,168.1,52.7,247.5,5.32,18.16,High
7.85,397.0,12.6,126.9,3.71,32.81,Medium
4.67,247.7,28.9,247.0,0.62,25.57,Low
6.57,285.0,35.1,67.3,2.65,52.39,Medium
4.95,236.1,34.1,157.6,4.88,11.32,Medium
5.54,68.9,25.1,223.0,2.01,53.68,Low
8.74,121.3,21.9,98.0,0.97,16.53,Low
5.11,241.6,11.3,274.0,4.29,43.64,Low
6.65,139.9,24.6,121.1,3.53,21.95,Medium
7.16,71.5,13.1,229.6,3.35,12.15,Medium
7.52,412.8,41.7,165.4,0.77,47.89,Medium
6.91,471.9,15.4,215.0,1.2,20.44,High
4.54,391.1,7.9,87.9,3.61,37.94,Low
5.9,417.1,32.6,64.4,1.54,33.32,Medium
6.73,154.1,34.8,296.5,3.02,28.59,High
4.88,463.1,48.6,130.1,3.22,29.79,Medium
6.01,134.7,33.8,273.1,1.92,41.61,Medium
4.64,459.1,22.3,319.8,5.24,9.39,Low
4.84,477.8,45.2,115.0,4.71,38.41,Medium
6.21,356.0,32.0,128.9,4.11,49.79,High
5.07,471.9,9.0,232.3,0.89,7.89,Low
6.94,294.9,33.3,311.0,1.03,12.03,High
7.46,161.6,50.4,298.1,2.96,40.83,High
7.94,237.9,24.8,190.7,1.3,26.86,Medium
5.36,305.2,19.8,266.7,5.39,25.18,High
5.22,81.4,12.2,95.3,1.29,11.85,Low
4.95,317.6,12.6,314.1,2.94,30.34,Low
7.24,471.9,26.6,310.7,2.32,11.33,High
7.54,131.7,34.8,102.6,3.7,28.83,Medium
4.64,390.8,9.0,137.9,1.15,43.18,Low
8.53,440.4,52.0,86.0,2.65,17.91,Low
4.72,455.8,42.8,130.6,1.87,29.04,Medium
6.83,462.9,34.3,272.1,4.94,54.6,High
7.55,274.2,46.4,158.4,0.7,39.33,Medium
8.25,470.2,9.0,83.0,5.07,47.07,Low
7.57,375.6,28.8,149.0,4.66,25.74,High
7.95,119.5,36.5,315.2,1.99,43.39,Medium
5.96,255.1,46.4,223.7,4.45,7.03,High
8.0,358.9,44.2,168.2,0.66,11.15,Medium
4.84,156.4,18.9,103.3,5.33,15.15,Low
8.35,325.5,52.0,316.4,3.13,25.1,High
6.85,336.6,11.2,273.4,2.02,47.29,High
8.01,120.0,48.8,133.2,2.31,22.31,Medium
6.44,293.0,53.5,78.2,0.83,37.73,High
7.27,381.8,13.9,74.7,5.45,40.47,Medium
6.76,264.5,41.1,91.3,0.7,34.31,Medium
7.65,55.2,7.0,211.0,3.77,22.86,Low
4.85,53.9,25.3,301.5,2.71,33.85,Medium
4.76,203.5,30.8,189.2,5.24,22.11,Medium
5.56,448.3,34.0,279.2,1.73,9.19,Medium
5.19,148.3,51.8,175.9,3.16,54.64,Low
8.25,322.8,38.6,244.2,2.91,11.36,Medium
5.44,145.5,29.1,250.3,4.01,8.62,Low
8.7,188.3,45.5,105.2,0.84,48.93,Low
5.95,414.7,52.5,153.9,1.47,20.09,High
5.28,363.4,6.1,225.7,1.57,37.51,Low
7.9,91.0,54.1,78.4,4.19,21.45,Medium
7.33,234.3,9.3,154.0,1.45,24.57,Medium
6.64,62.5,45.7,199.0,3.37,18.11,High
6.89,256.8,19.0,319.0,1.58,22.15,High
7.59,334.8,11.6,183.4,4.81,25.54,High
5.48,101.0,27.0,272.2,5.21,41.02,Low
8.78,174.2,37.2,172.3,3.09,30.58,Medium
8.69,221.1,24.0,267.1,2.26,52.18,Low
7.3,445.4,7.7,214.8,1.67,7.09,Medium
5.36,477.1,35.0,290.5,0.75,30.15,Medium
7.42,69.3,50.1,166.8,1.84,34.21,High
4.81,377.2,24.2,217.1,3.77,51.01,Medium
4.63,209.8,15.8,223.8,3.17,7.46,Low
5.61,218.8,27.1,168.5,5.22,33.67,High
6.49,374.3,7.4,97.5,2.48,47.68,Medium
8.23,444.9,46.0,84.3,3.97,17.1,Low
7.63,458.9,46.3,64.3,2.95,48.81,Medium
7.69,298.2,34.4,287.1,3.06,5.95,High
6.33,203.6,22.7,121.5,1.84,41.62,Medium
5.99,388.6,45.0,115.0,2.77,51.66,Medium
6.1,157.9,32.7,251.4,2.85,37.86,High
8.75,292.6,46.3,143.2,4.03,26.95,Medium
4.67,204.2,36.6,191.6,5.2,7.24,Medium
8.23,332.4,44.2,102.3,2.15,51.01,Low
6.99,153.4,34.9,309.5,0.71,28.51,Medium
6.39,132.4,25.7,281.4,2.98,6.45,Medium
7.62,444.8,52.9,284.6,3.22,39.49,High
6.59,93.8,32.1,165.8,1.34,29.09,Medium
8.26,267.6,35.3,258.2,4.3,11.22,Low
8.37,145.0,16.0,97.4,5.42,15.71,Low
6.31,66.7,36.3,62.2,5.23,8.22,Low
5.69,65.5,33.6,65.2,1.49,33.71,Low
7.05,125.3,14.2,212.5,4.88,36.1,High
8.42,422.7,8.0,178.4,4.02,30.29,Medium
5.41,171.5,35.2,194.7,2.77,45.86,Medium
7.18,458.7,43.2,61.9,3.2,48.05,High
7.22,300.1,31.2,169.9,4.75,35.78,High
7.65,237.7,16.3,246.7,2.9,5.64,Low
5.07,299.4,38.3,175.1,2.37,39.76,Medium
7.58,272.2,9.0,250.4,2.97,25.9,Low
8.41,376.3,27.1,120.6,3.4,33.28,High
5.27,171.5,13.2,271.4,1.45,37.45,Low
5.52,201.8,14.2,213.0,5.0,22.51,High
8.68,434.5,15.1,114.8,3.87,50.85,Low
5.28,457.0,24.3,121.5,3.67,11.7,Medium
8.17,433.8,7.6,223.3,1.0,38.58,Medium
6.62,230.4,24.9,275.8,3.52,5.22,Medium
5.56,385.6,30.6,168.1,1.1,51.23,Medium
8.24,254.8,29.2,127.2,0.89,10.63,Low
6.41,263.9,24.1,285.4,3.14,9.74,High
6.71,138.0,47.0,234.0,2.51,21.65,High
6.04,304.2,12.3,176.5,3.44,23.68,High
7.05,130.0,30.3,186.9,0.95,15.72,Medium
5.2,192.6,8.1,113.1,2.65,34.26,Low
6.18,417.7,8.6,223.0,1.37,27.15,Medium
8.67,139.0,33.7,153.3,5.44,6.71,Low
5.61,80.6,33.3,318.9,3.31,20.98,High
7.32,79.7,48.9,184.8,3.94,45.52,High
5.9,454.5,32.9,186.3,2.13,39.49,High
7.83,268.0,53.0,207.1,0.97,41.24,Medium
5.06,226.0,7.4,298.4,5.38,39.91,Low
8.67,398.7,9.9,268.2,1.93,20.55,Low
6.45,409.4,7.2,177.3,2.62,9.98,Medium
5.52,192.8,14.3,246.9,3.75,18.62,High
4.82,348.3,32.1,212.4,0.62,46.59,Low
5.23,381.6,37.3,188.0,4.55,54.02,Medium
6.74,331.5,7.3,110.0,3.18,29.69,High
5.95,115.2,52.3,180.6,1.89,5.49,Medium
8.06,426.6,47.1,123.9,0.81,12.0,Medium
6.35,281.8,19.8,297.9,1.31,21.1,High
5.57,171.5,8.9,147.2,4.98,33.93,Medium
7.15,232.8,13.5,307.6,3.93,8.75,Medium
7.54,66.2,11.3,198.6,1.75,52.17,Low
5.22,105.0,11.2,224.2,0.83,23.25,Low
5.22,379.2,30.9,201.2,3.95,50.63,Medium
4.66,50.0,17.3,93.6,3.36,44.03,Low
7.67,229.1,22.9,157.7,2.52,42.77,Medium
7.35,274.7,54.5,85.8,2.32,35.34,Medium
6.54,73.5,39.2,222.0,1.58,36.34,High
8.13,468.4,52.4,176.2,3.85,36.9,High
7.96,147.2,12.1,262.3,5.35,36.44,Medium
7.02,180.8,24.1,117.3,1.38,32.69,Medium
8.23,180.7,32.7,102.8,3.49,54.32,Low
5.39,149.1,8.8,165.6,2.62,41.61,Low
4.98,50.6,5.2,300.9,2.73,43.85,Low
5.66,363.6,38.5,244.7,1.77,48.62,High
4.75,465.7,37.1,168.9,4.63,15.78,High
6.78,146.4,25.5,194.5,2.93,9.19,High
8.53,335.1,29.5,81.9,3.22,29.14,Medium
4.67,369.0,25.8,316.0,2.02,30.7,Medium
5.03,414.8,6.2,233.3,1.41,46.46,Low
6.44,231.7,21.8,134.2,0.93,27.19,Medium
8.52,180.3,13.9,212.3,4.07,33.54,Low
5.86,189.9,9.9,88.5,1.48,31.35,Low
6.68,356.4,52.8,311.1,3.95,6.91,High
4.68,401.2,35.0,105.4,2.45,35.76,Medium
5.14,128.1,41.4,228.5,2.58,46.4,Low
8.74,209.5,20.8,123.8,2.85,12.88,Low
8.65,437.8,24.7,246.6,2.34,34.72,Medium
4.52,396.9,16.8,262.0,1.0,34.68,Low
8.59,473.5,9.8,235.1,2.05,13.21,Low
7.25,374.3,14.0,219.8,3.82,11.17,High
8.23,219.1,44.9,292.0,3.83,54.0,Medium
6.46,304.0,38.9,80.4,1.93,24.69,High
6.72,334.2,32.3,146.0,2.8,16.37,High
6.6,83.7,28.8,124.6,1.47,13.57,Low
7.37,284.1,51.1,316.9,1.55,38.38,High
5.1,355.0,8.6,161.2,0.62,35.47,Low
4.63,121.9,19.0,250.5,4.98,37.18,Low
5.82,385.7,22.5,238.0,1.55,9.4,Medium
7.53,301.0,44.1,115.1,1.64,49.68,Medium
5.37,459.5,54.6,122.1,1.9,24.46,Medium
7.4,68.2,17.0,133.1,1.14,20.67,Low
8.67,164.1,48.7,166.9,3.7,28.12,Medium
4.9,308.7,46.5,120.9,0.88,24.5,Low
7.39,177.5,16.2,65.1,1.17,48.18,Low
6.41,357.2,25.0,288.6,3.72,51.46,High
8.23,376.4,25.5,311.1,2.2,20.17,High
5.26,94.1,53.9,148.8,4.04,48.2,Low
7.48,271.0,14.0,148.0,3.29,44.08,High
8.1,268.8,45.0,61.8,1.78,51.54,Low
8.56,208.8,21.7,236.9,3.75,17.29,Medium
7.44,451.2,41.5,274.6,1.08,33.85,High
6.64,405.8,26.0,98.1,3.18,18.73,High
7.16,349.8,33.9,101.5,2.69,46.2,High
8.24,357.2,46.6,265.4,1.84,5.27,Medium
6.95,248.5,45.2,220.2,3.52,33.24,High
4.63,446.0,48.3,71.7,4.86,21.96,Medium
8.5,348.7,8.0,221.9,5.49,21.13,Medium
7.46,363.5,39.6,140.3,3.54,37.25,High
7.41,420.5,12.0,155.9,2.52,47.57,High
5.43,167.9,25.8,260.1,1.63,35.46,Medium
7.33,397.0,32.4,270.8,1.79,47.66,High
6.19,134.0,25.1,164.1,2.9,18.23,Medium
7.3,198.5,31.0,306.3,2.34,30.98,High
4.96,194.3,54.8,165.7,5.07,27.53,Medium
7.33,470.8,11.8,260.7,2.34,5.58,Medium
8.8,418.3,38.8,185.8,2.37,32.84,High
4.71,351.5,24.8,293.4,2.42,38.08,Medium
8.7,362.6,11.7,296.0,4.68,34.6,Medium
6.25,291.7,12.9,82.7,3.75,41.81,Medium
8.24,457.2,52.5,303.5,3.57,33.57,High
7.86,263.4,49.0,274.6,2.17,8.34,Medium
6.94,213.6,50.4,265.7,4.59,10.82,High
7.68,120.1,54.6,112.2,0.69,34.82,Low
8.28,388.1,15.4,269.3,4.85,18.75,Medium
6.24,365.8,22.8,281.0,3.06,8.98,High
5.91,215.3,38.5,135.2,2.49,26.48,Medium
7.37,60.8,29.2,307.6,2.99,32.72,High
7.97,410.8,25.9,73.0,3.84,21.44,Medium
7.78,54.9,22.9,99.0,0.56,41.02,Low
7.93,352.6,34.7,199.8,4.86,37.19,High
6.37,467.2,33.8,209.7,2.73,21.64,High
8.02,238.2,13.1,227.7,2.21,42.74,Low
5.02,151.0,28.6,64.4,1.19,37.43,Low
6.84,353.1,32.7,309.7,2.7,36.87,High
4.52,401.4,33.5,71.6,2.98,32.67,Medium
5.9,285.0,15.5,97.2,2.52,5.57,Low
6.08,465.8,42.1,63.6,3.89,39.83,High
6.2,72.2,6.3,207.4,2.6,23.8,Medium
7.49,267.1,22.7,302.4,5.31,52.13,High
6.17,358.9,44.0,233.1,3.5,45.9,High
6.43,420.9,33.2,273.9,4.54,34.38,High
5.52,127.1,18.1,63.5,1.05,17.61,Low
6.1,394.0,39.7,200.9,2.49,15.19,High
5.48,287.7,33.4,179.5,2.18,22.02,Medium
4.81,220.5,44.8,189.7,3.35,28.83,Medium
7.09,106.6,41.8,78.8,4.81,19.8,Medium
7.37,422.1,35.5,238.0,0.89,30.75,High
7.16,117.6,29.4,190.8,0.86,13.27,Medium
6.49,183.2,11.7,258.9,4.75,53.89,Medium
6.13,174.7,18.1,186.2,1.56,10.4,High
8.21,424.7,26.0,98.8,3.84,51.6,Low
